{
    "label": "SBPS",
    "op_left": [
        [
            -1.3547878973669174,
            0.5510684846903937,
            1.273991596909083,
            -0.45943100710513546,
            -0.010841177127423515,
            0.0,
            0.0
        ],
        [
            -0.8351084201574991,
            0.6687465151905455,
            -0.3526402073825791,
            0.6219203397447676,
            -0.10291822739523508,
            0.0,
            0.0
        ],
        [
            0.8731929034207364,
            -1.9793804302061577,
            1.1179223381527539,
            -0.3538785476596099,
            0.3421437362922779,
            0.0,
            0.0
        ],
        [
            -0.5856750901195147,
            1.4074037903565886,
            -1.6158810649312363,
            0.015411787345354084,
            0.8227423642144617,
            -0.04400178686565346,
            0.0
        ],
        [
            0.15157975462798048,
            -0.33012402542209773,
            0.3465003383061065,
            -0.21158450043679639,
            -1.0188077378265297,
            1.103299100395619,
            -0.040862929644282175
        ]
    ],
    "op_right": [
        [
            1.3547878973669174,
            -0.5510684846903937,
            -1.273991596909083,
            0.45943100710513546,
            0.010841177127423515,
            0.0,
            0.0
        ],
        [
            0.8351084201574991,
            -0.6687465151905455,
            0.3526402073825791,
            -0.6219203397447676,
            0.10291822739523508,
            0.0,
            0.0
        ],
        [
            -0.8731929034207364,
            1.9793804302061577,
            -1.1179223381527539,
            0.3538785476596099,
            -0.3421437362922779,
            0.0,
            0.0
        ],
        [
            0.5856750901195147,
            -1.4074037903565886,
            1.6158810649312363,
            -0.015411787345354084,
            -0.8227423642144617,
            0.04400178686565346,
            0.0
        ],
        [
            -0.15157975462798048,
            0.33012402542209773,
            -0.3465003383061065,
            0.21158450043679639,
            1.0188077378265297,
            -1.103299100395619,
            0.040862929644282175
        ]
    ],
    "op_interior": [
        0.041666666666666664,
        -1.125,
        1.125,
        -0.041666666666666664
    ],
    "idx_left": [
        [
            0,
            1,
            2,
            3,
            4,
            5,
            6
        ],
        [
            0,
            1,
            2,
            3,
            4,
            5,
            6
        ],
        [
            0,
            1,
            2,
            3,
            4,
            5,
            6
        ],
        [
            0,
            1,
            2,
            3,
            4,
            5,
            6
        ],
        [
            0,
            1,
            2,
            3,
            4,
            5,
            6
        ]
    ],
    "idx_right": [
        [
            0,
            1,
            2,
            3,
            4,
            5,
            6
        ],
        [
            0,
            1,
            2,
            3,
            4,
            5,
            6
        ],
        [
            0,
            1,
            2,
            3,
            4,
            5,
            6
        ],
        [
            0,
            1,
            2,
            3,
            4,
            5,
            6
        ],
        [
            0,
            1,
            2,
            3,
            4,
            5,
            6
        ]
    ],
    "order_left": 0,
    "order_interior": 1,
    "idx_interior": [
        -1,
        0,
        1,
        2
    ]
}