{
    "label": "SBPS",
    "op_left": [
        [
            -1.833339489470747,
            3.56674474163612,
            -3.2001972880838774,
            2.0335183091423814,
            -0.566726273223878,
            0.0
        ],
        [
            -0.3864734162512874,
            -1.4802435103668306,
            3.7595710286082173,
            -2.5325178611107932,
            0.6396637591206937,
            0.0
        ],
        [
            -0.34748461664581276,
            0.30356970596652405,
            -0.8258014180246954,
            1.13083218473307,
            -0.2611158560290857,
            0.0
        ],
        [
            0.21136582413318888,
            -0.903039625615516,
            0.44092393204741476,
            -0.01819228378103678,
            0.26894215321594916,
            0.0
        ],
        [
            0.0038260917333767202,
            0.11463805739150323,
            -0.3270261657701231,
            -0.7450107643724174,
            0.9934173378223076,
            -0.03984455680464699
        ]
    ],
    "op_right": [
        [
            1.833339489470747,
            -3.56674474163612,
            3.2001972880838774,
            -2.0335183091423814,
            0.566726273223878,
            0.0
        ],
        [
            0.3864734162512874,
            1.4802435103668306,
            -3.7595710286082173,
            2.5325178611107932,
            -0.6396637591206937,
            0.0
        ],
        [
            0.34748461664581276,
            -0.30356970596652405,
            0.8258014180246954,
            -1.13083218473307,
            0.2611158560290857,
            0.0
        ],
        [
            -0.21136582413318888,
            0.903039625615516,
            -0.44092393204741476,
            0.01819228378103678,
            -0.26894215321594916,
            0.0
        ],
        [
            -0.0038260917333767202,
            -0.11463805739150323,
            0.3270261657701231,
            0.7450107643724174,
            -0.9934173378223076,
            0.03984455680464699
        ]
    ],
    "op_interior": [
        0.041666666666666664,
        -1.125,
        1.125,
        -0.041666666666666664
    ],
    "idx_left": [
        [
            0,
            1,
            2,
            3,
            4,
            5
        ],
        [
            0,
            1,
            2,
            3,
            4,
            5
        ],
        [
            0,
            1,
            2,
            3,
            4,
            5
        ],
        [
            0,
            1,
            2,
            3,
            4,
            5
        ],
        [
            0,
            1,
            2,
            3,
            4,
            5
        ]
    ],
    "idx_right": [
        [
            0,
            1,
            2,
            3,
            4,
            5
        ],
        [
            0,
            1,
            2,
            3,
            4,
            5
        ],
        [
            0,
            1,
            2,
            3,
            4,
            5
        ],
        [
            0,
            1,
            2,
            3,
            4,
            5
        ],
        [
            0,
            1,
            2,
            3,
            4,
            5
        ]
    ],
    "order_left": 0,
    "order_interior": 1,
    "idx_interior": [
        -2,
        -1,
        0,
        1
    ]
}