{
    "label": "SBPS",
    "op_left": [
        [
            0.3690614604483619
        ],
        [
            1.1648131859843298
        ],
        [
            0.9995250126901716
        ],
        [
            0.9469312415398856
        ],
        [
            1.019669099337251
        ]
    ],
    "op_right": [
        [
            0.3690614604483619
        ],
        [
            1.1648131859843298
        ],
        [
            0.9995250126901716
        ],
        [
            0.9469312415398856
        ],
        [
            1.019669099337251
        ]
    ],
    "op_interior": [
        1.0
    ],
    "idx_left": [
        [
            0
        ],
        [
            0
        ],
        [
            0
        ],
        [
            0
        ],
        [
            0
        ]
    ],
    "idx_right": [
        [
            0
        ],
        [
            0
        ],
        [
            0
        ],
        [
            0
        ],
        [
            0
        ]
    ],
    "order_left": 0,
    "order_interior": 1,
    "idx_interior": [
        0
    ]
}