{
    "label": "SBPS",
    "op_left": [
        [
            0.2727263569413111
        ],
        [
            0.5262409553019936
        ],
        [
            1.3530993224757846
        ],
        [
            0.8022029065145295
        ],
        [
            1.045730458766382
        ]
    ],
    "op_right": [
        [
            0.2727263569413111
        ],
        [
            0.5262409553019936
        ],
        [
            1.3530993224757846
        ],
        [
            0.8022029065145295
        ],
        [
            1.045730458766382
        ]
    ],
    "op_interior": [
        1.0
    ],
    "idx_left": [
        [
            0
        ],
        [
            0
        ],
        [
            0
        ],
        [
            0
        ],
        [
            0
        ]
    ],
    "idx_right": [
        [
            0
        ],
        [
            0
        ],
        [
            0
        ],
        [
            0
        ],
        [
            0
        ]
    ],
    "order_left": 0,
    "order_interior": 1,
    "idx_interior": [
        0
    ]
}