{
    "label": "SBPS",
    "op_left": [
        [
            2.709575794733835
        ],
        [
            0.858506764889467
        ],
        [
            1.0004752130299872
        ],
        [
            1.056042884775683
        ],
        [
            0.9807103114627723
        ]
    ],
    "op_right": [
        [
            2.709575794733835
        ],
        [
            0.858506764889467
        ],
        [
            1.0004752130299872
        ],
        [
            1.056042884775683
        ],
        [
            0.9807103114627723
        ]
    ],
    "op_interior": [
        1.0
    ],
    "idx_left": [
        [
            0
        ],
        [
            0
        ],
        [
            0
        ],
        [
            0
        ],
        [
            0
        ]
    ],
    "idx_right": [
        [
            0
        ],
        [
            0
        ],
        [
            0
        ],
        [
            0
        ],
        [
            0
        ]
    ],
    "order_left": 0,
    "order_interior": 1,
    "idx_interior": [
        0
    ]
}