{
    "label": "SBPS",
    "op_left": [
        [
            3.666678978941494
        ],
        [
            1.9002701897767167
        ],
        [
            0.7390440475354656
        ],
        [
            1.2465674106628133
        ],
        [
            0.9562693633115278
        ]
    ],
    "op_right": [
        [
            3.666678978941494
        ],
        [
            1.9002701897767167
        ],
        [
            0.7390440475354656
        ],
        [
            1.2465674106628133
        ],
        [
            0.9562693633115278
        ]
    ],
    "op_interior": [
        1.0
    ],
    "idx_left": [
        [
            0
        ],
        [
            0
        ],
        [
            0
        ],
        [
            0
        ],
        [
            0
        ]
    ],
    "idx_right": [
        [
            0
        ],
        [
            0
        ],
        [
            0
        ],
        [
            0
        ],
        [
            0
        ]
    ],
    "order_left": 0,
    "order_interior": 1,
    "idx_interior": [
        0
    ]
}