{
    "label": "SBPS",
    "op_left": [
        [
            0.9712999278852735,
            0.004663163653948186,
            0.11157332454010413,
            -0.13668588764049294,
            0.04914947156117144,
            0.0,
            0.0,
            0.0
        ],
        [
            -0.28185586959811976,
            0.964653932424635,
            0.21415763221787232,
            0.164218481883774,
            -0.06117417692815894,
            0.0,
            0.0,
            0.0
        ],
        [
            0.47069379608036777,
            -1.079459375188627,
            1.5423684488115794,
            0.017937260564130173,
            0.036735550829854045,
            0.01172431890269516,
            0.0,
            0.0
        ],
        [
            -0.31574013342233187,
            0.6567824256808629,
            -0.6479815130214002,
            0.8523280331239332,
            0.5453648730493478,
            -0.10312918796637532,
            0.012375502555965038,
            0.0
        ],
        [
            0.06970927585127427,
            -0.1393616922061049,
            0.13183332693290437,
            -0.17199598042444544,
            0.6194599141149855,
            0.5746349481227183,
            -0.09577249135378638,
            0.011492698962454365
        ]
    ],
    "op_right": [
        [
            0.9712999278852735,
            0.004663163653948186,
            0.11157332454010413,
            -0.13668588764049294,
            0.04914947156117144,
            0.0,
            0.0,
            0.0
        ],
        [
            -0.28185586959811976,
            0.964653932424635,
            0.21415763221787232,
            0.164218481883774,
            -0.06117417692815894,
            0.0,
            0.0,
            0.0
        ],
        [
            0.47069379608036777,
            -1.079459375188627,
            1.5423684488115794,
            0.017937260564130173,
            0.036735550829854045,
            0.01172431890269516,
            0.0,
            0.0
        ],
        [
            -0.31574013342233187,
            0.6567824256808629,
            -0.6479815130214002,
            0.8523280331239332,
            0.5453648730493478,
            -0.10312918796637532,
            0.012375502555965038,
            0.0
        ],
        [
            0.06970927585127427,
            -0.1393616922061049,
            0.13183332693290437,
            -0.17199598042444544,
            0.6194599141149855,
            0.5746349481227183,
            -0.09577249135378638,
            0.011492698962454365
        ]
    ],
    "op_interior": [
        0.01171875,
        -0.09765625,
        0.5859375,
        0.5859375,
        -0.09765625,
        0.01171875
    ],
    "idx_left": [
        [
            0,
            1,
            2,
            3,
            4,
            5,
            6,
            7
        ],
        [
            0,
            1,
            2,
            3,
            4,
            5,
            6,
            7
        ],
        [
            0,
            1,
            2,
            3,
            4,
            5,
            6,
            7
        ],
        [
            0,
            1,
            2,
            3,
            4,
            5,
            6,
            7
        ],
        [
            0,
            1,
            2,
            3,
            4,
            5,
            6,
            7
        ]
    ],
    "idx_right": [
        [
            0,
            1,
            2,
            3,
            4,
            5,
            6,
            7
        ],
        [
            0,
            1,
            2,
            3,
            4,
            5,
            6,
            7
        ],
        [
            0,
            1,
            2,
            3,
            4,
            5,
            6,
            7
        ],
        [
            0,
            1,
            2,
            3,
            4,
            5,
            6,
            7
        ],
        [
            0,
            1,
            2,
            3,
            4,
            5,
            6,
            7
        ]
    ],
    "order_left": 0,
    "order_interior": 1,
    "idx_interior": [
        -2,
        -1,
        0,
        1,
        2,
        3
    ]
}