{
    "label": "SBPS",
    "op_left": [
        [
            1.3143921032754013,
            -1.2038052982375287,
            1.7250632750601984,
            -1.0962790685093824,
            0.26062898841132853,
            0.0,
            0.0
        ],
        [
            0.003270353573009559,
            2.135222675238244,
            -2.050290147152768,
            1.1818308542987728,
            -0.2700337359572589,
            0.0,
            0.0
        ],
        [
            0.030431922784875096,
            0.1843572232599536,
            1.1393367935108871,
            -0.453472947941136,
            0.09934700838542,
            0.0,
            0.0
        ],
        [
            -0.06288370798163817,
            0.2384482174362257,
            0.022349383737447742,
            1.0060996239866862,
            -0.21862172902242571,
            0.014608211843704852,
            0.0
        ],
        [
            0.01734593804987705,
            -0.06814039634239699,
            0.03511239593490048,
            0.4938395281496059,
            0.6040219326175986,
            -0.09338568001089141,
            0.011206281601306968
        ]
    ],
    "op_right": [
        [
            1.3143921032754013,
            -1.2038052982375287,
            1.7250632750601984,
            -1.0962790685093824,
            0.26062898841132853,
            0.0,
            0.0
        ],
        [
            0.003270353573009559,
            2.135222675238244,
            -2.050290147152768,
            1.1818308542987728,
            -0.2700337359572589,
            0.0,
            0.0
        ],
        [
            0.030431922784875096,
            0.1843572232599536,
            1.1393367935108871,
            -0.453472947941136,
            0.09934700838542,
            0.0,
            0.0
        ],
        [
            -0.06288370798163817,
            0.2384482174362257,
            0.022349383737447742,
            1.0060996239866862,
            -0.21862172902242571,
            0.014608211843704852,
            0.0
        ],
        [
            0.01734593804987705,
            -0.06814039634239699,
            0.03511239593490048,
            0.4938395281496059,
            0.6040219326175986,
            -0.09338568001089141,
            0.011206281601306968
        ]
    ],
    "op_interior": [
        0.01171875,
        -0.09765625,
        0.5859375,
        0.5859375,
        -0.09765625,
        0.01171875
    ],
    "idx_left": [
        [
            0,
            1,
            2,
            3,
            4,
            5,
            6
        ],
        [
            0,
            1,
            2,
            3,
            4,
            5,
            6
        ],
        [
            0,
            1,
            2,
            3,
            4,
            5,
            6
        ],
        [
            0,
            1,
            2,
            3,
            4,
            5,
            6
        ],
        [
            0,
            1,
            2,
            3,
            4,
            5,
            6
        ]
    ],
    "idx_right": [
        [
            0,
            1,
            2,
            3,
            4,
            5,
            6
        ],
        [
            0,
            1,
            2,
            3,
            4,
            5,
            6
        ],
        [
            0,
            1,
            2,
            3,
            4,
            5,
            6
        ],
        [
            0,
            1,
            2,
            3,
            4,
            5,
            6
        ],
        [
            0,
            1,
            2,
            3,
            4,
            5,
            6
        ]
    ],
    "order_left": 0,
    "order_interior": 1,
    "idx_interior": [
        -3,
        -2,
        -1,
        0,
        1,
        2
    ]
}