{
    "label": "SBPS",
    "op_left": [
        [
            -0.5,
            0.20337813976690247,
            0.47018119935420694,
            -0.16955827845748303,
            -0.0040010606636263,
            0.0,
            0.0
        ],
        [
            -0.9727452995259969,
            0.7789647589750174,
            -0.4107599634674768,
            0.7244210123665595,
            -0.11988050834810351,
            0.0,
            0.0
        ],
        [
            0.8727781478725792,
            -1.978440249620487,
            1.1173913392287576,
            -0.35371045984025107,
            0.34198122235940176,
            0.0,
            0.0
        ],
        [
            -0.5545940402258565,
            1.3327146185503054,
            -1.5301282629961281,
            0.01459390292528484,
            0.779080448413061,
            -0.041666666666666664,
            0.0
        ],
        [
            0.15456119187927436,
            -0.33661726767173816,
            0.3533156878806404,
            -0.21574617699411036,
            -1.0388467684273996,
            1.125,
            -0.041666666666666664
        ]
    ],
    "op_right": [
        [
            0.5,
            -0.20337813976690247,
            -0.47018119935420694,
            0.16955827845748303,
            0.0040010606636263,
            0.0,
            0.0
        ],
        [
            0.9727452995259969,
            -0.7789647589750174,
            0.4107599634674768,
            -0.7244210123665595,
            0.11988050834810351,
            0.0,
            0.0
        ],
        [
            -0.8727781478725792,
            1.978440249620487,
            -1.1173913392287576,
            0.35371045984025107,
            -0.34198122235940176,
            0.0,
            0.0
        ],
        [
            0.5545940402258565,
            -1.3327146185503054,
            1.5301282629961281,
            -0.01459390292528484,
            -0.779080448413061,
            0.041666666666666664,
            0.0
        ],
        [
            -0.15456119187927436,
            0.33661726767173816,
            -0.3533156878806404,
            0.21574617699411036,
            1.0388467684273996,
            -1.125,
            0.041666666666666664
        ]
    ],
    "op_interior": [
        0.041666666666666664,
        -1.125,
        1.125,
        -0.041666666666666664
    ],
    "idx_left": [
        [
            0,
            1,
            2,
            3,
            4,
            5,
            6
        ],
        [
            0,
            1,
            2,
            3,
            4,
            5,
            6
        ],
        [
            0,
            1,
            2,
            3,
            4,
            5,
            6
        ],
        [
            0,
            1,
            2,
            3,
            4,
            5,
            6
        ],
        [
            0,
            1,
            2,
            3,
            4,
            5,
            6
        ]
    ],
    "idx_right": [
        [
            0,
            1,
            2,
            3,
            4,
            5,
            6
        ],
        [
            0,
            1,
            2,
            3,
            4,
            5,
            6
        ],
        [
            0,
            1,
            2,
            3,
            4,
            5,
            6
        ],
        [
            0,
            1,
            2,
            3,
            4,
            5,
            6
        ],
        [
            0,
            1,
            2,
            3,
            4,
            5,
            6
        ]
    ],
    "order_left": 0,
    "order_interior": 1,
    "idx_interior": [
        -1,
        0,
        1,
        2
    ]
}