{
    "label": "SBPS",
    "op_left": [
        [
            -1.7779989465546748,
            1.3337480247900155,
            0.7775013168066564,
            -0.33325039504199694,
            0.0,
            0.0
        ],
        [
            -0.44102173413920587,
            -0.17308424848898904,
            0.4487228323259927,
            0.1653831503022022,
            0.0,
            0.0
        ],
        [
            0.17987932138827012,
            -0.27572572541507884,
            -0.9597948548284453,
            1.1171892610431817,
            -0.06154800218792766,
            0.0
        ],
        [
            0.015391138150708755,
            0.05688514555035906,
            -0.19989764645971708,
            -0.8628231468598346,
            1.0285385292191949,
            -0.03809401960071092
        ]
    ],
    "op_right": [
        [
            1.7779989465546748,
            -1.3337480247900155,
            -0.7775013168066564,
            0.33325039504199694,
            0.0,
            0.0
        ],
        [
            0.44102173413920587,
            0.17308424848898904,
            -0.4487228323259927,
            -0.1653831503022022,
            0.0,
            0.0
        ],
        [
            -0.17987932138827012,
            0.27572572541507884,
            0.9597948548284453,
            -1.1171892610431817,
            0.06154800218792766,
            0.0
        ],
        [
            -0.015391138150708755,
            -0.05688514555035906,
            0.19989764645971708,
            0.8628231468598346,
            -1.0285385292191949,
            0.03809401960071092
        ]
    ],
    "op_interior": [
        0.041666666666666664,
        -1.125,
        1.125,
        -0.041666666666666664
    ],
    "idx_left": [
        [
            0,
            1,
            2,
            3,
            4,
            5
        ],
        [
            0,
            1,
            2,
            3,
            4,
            5
        ],
        [
            0,
            1,
            2,
            3,
            4,
            5
        ],
        [
            0,
            1,
            2,
            3,
            4,
            5
        ]
    ],
    "idx_right": [
        [
            0,
            1,
            2,
            3,
            4,
            5
        ],
        [
            0,
            1,
            2,
            3,
            4,
            5
        ],
        [
            0,
            1,
            2,
            3,
            4,
            5
        ],
        [
            0,
            1,
            2,
            3,
            4,
            5
        ]
    ],
    "order_left": 0,
    "order_interior": 1,
    "idx_interior": [
        -1,
        0,
        1,
        2
    ]
}