{
    "label": "SBPS",
    "op_left": [
        [
            -1.4511412472637157,
            1.853423741791147,
            -0.3534237417911469,
            -0.04885875273628437,
            0.0
        ],
        [
            -0.8577143189081458,
            0.5731429567244373,
            0.4268570432755628,
            -0.14228568109185424,
            0.0
        ],
        [
            -0.16745485058828774,
            -0.4976354482351368,
            0.4976354482351368,
            0.16745485058828774,
            0.0
        ],
        [
            0.10270611134051243,
            -0.26245413264698597,
            -0.8288742701021167,
            1.0342864927831414,
            -0.04566420137455131
        ]
    ],
    "op_right": [
        [
            1.4511412472637157,
            -1.853423741791147,
            0.3534237417911469,
            0.04885875273628437,
            0.0
        ],
        [
            0.8577143189081458,
            -0.5731429567244373,
            -0.4268570432755628,
            0.14228568109185424,
            0.0
        ],
        [
            0.16745485058828774,
            0.4976354482351368,
            -0.4976354482351368,
            -0.16745485058828774,
            0.0
        ],
        [
            -0.10270611134051243,
            0.26245413264698597,
            0.8288742701021167,
            -1.0342864927831414,
            0.04566420137455131
        ]
    ],
    "op_interior": [
        0.041666666666666664,
        -1.125,
        1.125,
        -0.041666666666666664
    ],
    "idx_left": [
        [
            0,
            1,
            2,
            3,
            4
        ],
        [
            0,
            1,
            2,
            3,
            4
        ],
        [
            0,
            1,
            2,
            3,
            4
        ],
        [
            0,
            1,
            2,
            3,
            4
        ]
    ],
    "idx_right": [
        [
            0,
            1,
            2,
            3,
            4
        ],
        [
            0,
            1,
            2,
            3,
            4
        ],
        [
            0,
            1,
            2,
            3,
            4
        ],
        [
            0,
            1,
            2,
            3,
            4
        ]
    ],
    "order_left": 0,
    "order_interior": 1,
    "idx_interior": [
        -2,
        -1,
        0,
        1
    ]
}