{
    "label": "SBPS",
    "op_left": [
        [
            0.2812150147607664
        ],
        [
            1.4480216223843674
        ],
        [
            0.6769783776156325
        ],
        [
            1.0937849852392336
        ]
    ],
    "op_right": [
        [
            0.2812150147607664
        ],
        [
            1.4480216223843674
        ],
        [
            0.6769783776156325
        ],
        [
            1.0937849852392336
        ]
    ],
    "op_interior": [
        1.0
    ],
    "idx_left": [
        [
            0
        ],
        [
            0
        ],
        [
            0
        ],
        [
            0
        ]
    ],
    "idx_right": [
        [
            0
        ],
        [
            0
        ],
        [
            0
        ],
        [
            0
        ]
    ],
    "order_left": 0,
    "order_interior": 1,
    "idx_interior": [
        0
    ]
}