{
    "label": "SBPS",
    "op_left": [
        [
            3.5559978931093497
        ],
        [
            0.690597422401305
        ],
        [
            1.4771520525102637
        ],
        [
            0.914256470417062
        ]
    ],
    "op_right": [
        [
            3.5559978931093497
        ],
        [
            0.690597422401305
        ],
        [
            1.4771520525102637
        ],
        [
            0.914256470417062
        ]
    ],
    "op_interior": [
        1.0
    ],
    "idx_left": [
        [
            0
        ],
        [
            0
        ],
        [
            0
        ],
        [
            0
        ]
    ],
    "idx_right": [
        [
            0
        ],
        [
            0
        ],
        [
            0
        ],
        [
            0
        ]
    ],
    "order_left": 0,
    "order_interior": 1,
    "idx_interior": [
        0
    ]
}