{
    "label": "SBPS",
    "op_left": [
        [
            0.8338228784688313,
            0.17751233164292596,
            0.14350670130765417,
            -0.15484191141941145,
            0.0
        ],
        [
            0.1813404047323969,
            1.1246711188154426,
            -0.2933634518280757,
            -0.012648071719763686,
            0.0
        ],
        [
            -0.13311427062823994,
            0.7930714675884345,
            0.31319987670785077,
            0.026842926331954644,
            0.0
        ],
        [
            0.09690785566330458,
            -0.1539344946680898,
            0.44864912028443893,
            0.6768738207821733,
            -0.06849630206182696
        ]
    ],
    "op_right": [
        [
            0.8338228784688313,
            0.17751233164292596,
            0.14350670130765417,
            -0.15484191141941145,
            0.0
        ],
        [
            0.1813404047323969,
            1.1246711188154426,
            -0.2933634518280757,
            -0.012648071719763686,
            0.0
        ],
        [
            -0.13311427062823994,
            0.7930714675884345,
            0.31319987670785077,
            0.026842926331954644,
            0.0
        ],
        [
            0.09690785566330458,
            -0.1539344946680898,
            0.44864912028443893,
            0.6768738207821733,
            -0.06849630206182696
        ]
    ],
    "op_interior": [
        -0.0625,
        0.5625,
        0.5625,
        -0.0625
    ],
    "idx_left": [
        [
            0,
            1,
            2,
            3,
            4
        ],
        [
            0,
            1,
            2,
            3,
            4
        ],
        [
            0,
            1,
            2,
            3,
            4
        ],
        [
            0,
            1,
            2,
            3,
            4
        ]
    ],
    "idx_right": [
        [
            0,
            1,
            2,
            3,
            4
        ],
        [
            0,
            1,
            2,
            3,
            4
        ],
        [
            0,
            1,
            2,
            3,
            4
        ],
        [
            0,
            1,
            2,
            3,
            4
        ]
    ],
    "order_left": 0,
    "order_interior": 1,
    "idx_interior": [
        -2,
        -1,
        0,
        1
    ]
}