{
    "label": "SBPS",
    "op_left": [
        [
            -0.5,
            0.37506997047846724,
            0.21864504428229917,
            -0.0937150147607664,
            0.0,
            0.0
        ],
        [
            -0.63860900697502,
            -0.25062973430620494,
            0.6497603636655924,
            0.2394783776156325,
            0.0,
            0.0
        ],
        [
            0.12177441116003206,
            -0.18666035425839345,
            -0.6497603636655924,
            0.7563129734306205,
            -0.041666666666666664,
            0.0
        ],
        [
            0.01683459581498798,
            0.06222011808613114,
            -0.21864504428229917,
            -0.9437430029521533,
            1.125,
            -0.041666666666666664
        ]
    ],
    "op_right": [
        [
            0.5,
            -0.37506997047846724,
            -0.21864504428229917,
            0.0937150147607664,
            0.0,
            0.0
        ],
        [
            0.63860900697502,
            0.25062973430620494,
            -0.6497603636655924,
            -0.2394783776156325,
            0.0,
            0.0
        ],
        [
            -0.12177441116003206,
            0.18666035425839345,
            0.6497603636655924,
            -0.7563129734306205,
            0.041666666666666664,
            0.0
        ],
        [
            -0.01683459581498798,
            -0.06222011808613114,
            0.21864504428229917,
            0.9437430029521533,
            -1.125,
            0.041666666666666664
        ]
    ],
    "op_interior": [
        0.041666666666666664,
        -1.125,
        1.125,
        -0.041666666666666664
    ],
    "idx_left": [
        [
            0,
            1,
            2,
            3,
            4,
            5
        ],
        [
            0,
            1,
            2,
            3,
            4,
            5
        ],
        [
            0,
            1,
            2,
            3,
            4,
            5
        ],
        [
            0,
            1,
            2,
            3,
            4,
            5
        ]
    ],
    "idx_right": [
        [
            0,
            1,
            2,
            3,
            4,
            5
        ],
        [
            0,
            1,
            2,
            3,
            4,
            5
        ],
        [
            0,
            1,
            2,
            3,
            4,
            5
        ],
        [
            0,
            1,
            2,
            3,
            4,
            5
        ]
    ],
    "order_left": 0,
    "order_interior": 1,
    "idx_interior": [
        -1,
        0,
        1,
        2
    ]
}